Workbook

Sheet ticket
A1: ticket_id | B1: created_at | C1: closed_at | D1: outlet_id | E1: cms_id
A2: isu-sjd-457 | B2: 2021-08-19 16:45:43 | C2: 2021-08-22 12:33:32 | D2: wrqy-juv-978 | E2: vew-iuvd-12
A3: qer-fal-092 | B3: 2021-08-21 11:09:22 | C3: 2021-08-21 17:13:45 | D3: 8woh-k3u-23b | E3: mxp-tyuv-45
A4: abt-xyw-103 | B4: 2021-08-21 09:30:00 | C4: 2021-08-21 09:55:10 | D4: wrqy-juv-978 | E4: krl-qpow-78
A5: bcu-mnp-214 | B5: 2021-08-22 14:00:00 | C5: 2021-08-23 10:00:00 | D5: 9jkl-mno-44z | E5: bnm-loiu-33
A6: cde-rst-325 | B6: 2021-08-23 08:15:00 | C6: 2021-08-23 08:45:30 | D6: 8woh-k3u-23b | E6: plm-okij-91
A7: def-uvw-436 | B7: 2021-08-23 11:00:00 | C7: 2021-08-24 15:00:00 | D7: wrqy-juv-978 | E7: zxc-vbnm-56
A8: efg-xyz-547 | B8: 2021-08-24 09:00:00 | C8: 2021-08-24 09:50:00 | D8: 9jkl-mno-44z | E8: qaz-wsx-67
A9: fgh-abc-658 | B9: 2021-08-24 13:30:00 | C9: 2021-08-25 13:30:00 | D9: 8woh-k3u-23b | E9: edc-rfv-82
A10: ghi-bcd-769 | B10: 2021-08-25 10:00:00 | C10: 2021-08-25 10:45:00 | D10: wrqy-juv-978 | E10: tgb-yhn-93
A11: hij-cde-870 | B11: 2021-08-25 14:00:00 | C11: 2021-08-26 09:00:00 | D11: 9jkl-mno-44z | E11: ujm-ikl-04

Sheet feedbacks
A1: cms_id | B1: feedback_at | C1: feedback_rating | D1: ticket_created_at
A2: vew-iuvd-12 | B2: 2021-08-21 13:26:48 | C2: 3 | D2: =IFERROR(VLOOKUP(A2,ticket!$E:$B,2,FALSE()),"Not Found") -> Not Found
A3: mxp-tyuv-45 | B3: 2021-08-22 09:00:00 | C3: 4 | D3: =IFERROR(VLOOKUP(A3,ticket!$E:$B,2,FALSE()),"Not Found") -> Not Found
A4: krl-qpow-78 | B4: 2021-08-21 10:30:00 | C4: 5 | D4: =IFERROR(VLOOKUP(A4,ticket!$E:$B,2,FALSE()),"Not Found") -> Not Found
A5: bnm-loiu-33 | B5: 2021-08-23 11:00:00 | C5: 2 | D5: =IFERROR(VLOOKUP(A5,ticket!$E:$B,2,FALSE()),"Not Found") -> Not Found
A6: plm-okij-91 | B6: 2021-08-23 09:00:00 | C6: 4 | D6: =IFERROR(VLOOKUP(A6,ticket!$E:$B,2,FALSE()),"Not Found") -> Not Found
A7: zxc-vbnm-56 | B7: 2021-08-24 08:00:00 | C7: 3 | D7: =IFERROR(VLOOKUP(A7,ticket!$E:$B,2,FALSE()),"Not Found") -> Not Found
A8: qaz-wsx-67 | B8: 2021-08-24 10:00:00 | C8: 5 | D8: =IFERROR(VLOOKUP(A8,ticket!$E:$B,2,FALSE()),"Not Found") -> Not Found
A9: edc-rfv-82 | B9: 2021-08-25 14:00:00 | C9: 1 | D9: =IFERROR(VLOOKUP(A9,ticket!$E:$B,2,FALSE()),"Not Found") -> Not Found
A10: tgb-yhn-93 | B10: 2021-08-25 11:00:00 | C10: 4 | D10: =IFERROR(VLOOKUP(A10,ticket!$E:$B,2,FALSE()),"Not Found") -> Not Found
A11: ujm-ikl-04 | B11: 2021-08-26 10:00:00 | C11: 3 | D11: =IFERROR(VLOOKUP(A11,ticket!$E:$B,2,FALSE()),"Not Found") -> Not Found

Sheet Analysis
A1: Ticket Analysis – Same Day & Same Hour Closure
A3: ticket_id | B3: outlet_id | C3: created_at | D3: closed_at | E3: Same Day? | F3: Same Hour?
A4: =ticket!A2 -> isu-sjd-457 | B4: =ticket!D2 -> wrqy-juv-978 | C4: =ticket!B2 -> 2021-08-19 16:45:43 | D4: =ticket!C2 -> 2021-08-22 12:33:32 | E4: =IF(INT(C4)=INT(D4),"Yes","No") -> No | F4: =IF(AND(INT(C4)=INT(D4),HOUR(C4)=HOUR(D4)),"Yes","No") -> No
A5: =ticket!A3 -> qer-fal-092 | B5: =ticket!D3 -> 8woh-k3u-23b | C5: =ticket!B3 -> 2021-08-21 11:09:22 | D5: =ticket!C3 -> 2021-08-21 17:13:45 | E5: =IF(INT(C5)=INT(D5),"Yes","No") -> Yes | F5: =IF(AND(INT(C5)=INT(D5),HOUR(C5)=HOUR(D5)),"Yes","No") -> No
A6: =ticket!A4 -> abt-xyw-103 | B6: =ticket!D4 -> wrqy-juv-978 | C6: =ticket!B4 -> 2021-08-21 09:30:00 | D6: =ticket!C4 -> 2021-08-21 09:55:10 | E6: =IF(INT(C6)=INT(D6),"Yes","No") -> Yes | F6: =IF(AND(INT(C6)=INT(D6),HOUR(C6)=HOUR(D6)),"Yes","No") -> Yes
A7: =ticket!A5 -> bcu-mnp-214 | B7: =ticket!D5 -> 9jkl-mno-44z | C7: =ticket!B5 -> 2021-08-22 14:00:00 | D7: =ticket!C5 -> 2021-08-23 10:00:00 | E7: =IF(INT(C7)=INT(D7),"Yes","No") -> No | F7: =IF(AND(INT(C7)=INT(D7),HOUR(C7)=HOUR(D7)),"Yes","No") -> No
A8: =ticket!A6 -> cde-rst-325 | B8: =ticket!D6 -> 8woh-k3u-23b | C8: =ticket!B6 -> 2021-08-23 08:15:00 | D8: =ticket!C6 -> 2021-08-23 08:45:30 | E8: =IF(INT(C8)=INT(D8),"Yes","No") -> Yes | F8: =IF(AND(INT(C8)=INT(D8),HOUR(C8)=HOUR(D8)),"Yes","No") -> Yes
A9: =ticket!A7 -> def-uvw-436 | B9: =ticket!D7 -> wrqy-juv-978 | C9: =ticket!B7 -> 2021-08-23 11:00:00 | D9: =ticket!C7 -> 2021-08-24 15:00:00 | E9: =IF(INT(C9)=INT(D9),"Yes","No") -> No | F9: =IF(AND(INT(C9)=INT(D9),HOUR(C9)=HOUR(D9)),"Yes","No") -> No
A10: =ticket!A8 -> efg-xyz-547 | B10: =ticket!D8 -> 9jkl-mno-44z | C10: =ticket!B8 -> 2021-08-24 09:00:00 | D10: =ticket!C8 -> 2021-08-24 09:50:00 | E10: =IF(INT(C10)=INT(D10),"Yes","No") -> Yes | F10: =IF(AND(INT(C10)=INT(D10),HOUR(C10)=HOUR(D10)),"Yes","No") -> Yes
A11: =ticket!A9 -> fgh-abc-658 | B11: =ticket!D9 -> 8woh-k3u-23b | C11: =ticket!B9 -> 2021-08-24 13:30:00 | D11: =ticket!C9 -> 2021-08-25 13:30:00 | E11: =IF(INT(C11)=INT(D11),"Yes","No") -> No | F11: =IF(AND(INT(C11)=INT(D11),HOUR(C11)=HOUR(D11)),"Yes","No") -> No
A12: =ticket!A10 -> ghi-bcd-769 | B12: =ticket!D10 -> wrqy-juv-978 | C12: =ticket!B10 -> 2021-08-25 10:00:00 | D12: =ticket!C10 -> 2021-08-25 10:45:00 | E12: =IF(INT(C12)=INT(D12),"Yes","No") -> Yes | F12: =IF(AND(INT(C12)=INT(D12),HOUR(C12)=HOUR(D12)),"Yes","No") -> Yes
A13: =ticket!A11 -> hij-cde-870 | B13: =ticket!D11 -> 9jkl-mno-44z | C13: =ticket!B11 -> 2021-08-25 14:00:00 | D13: =ticket!C11 -> 2021-08-26 09:00:00 | E13: =IF(INT(C13)=INT(D13),"Yes","No") -> No | F13: =IF(AND(INT(C13)=INT(D13),HOUR(C13)=HOUR(D13)),"Yes","No") -> No
A15: Summary – Outlet-wise Counts
A16: outlet_id | B16: Total Tickets | C16: Closed Same Day (Count) | D16: Closed Same Day (%) | E16: Closed Same Hour (Count) | F16: Closed Same Hour (%)
A17: wrqy-juv-978 | B17: =COUNTIF(ticket!D$2:D$11,A17) -> 4 | C17: =COUNTIFS(B$4:B$13,A17,E$4:E$13,"Yes") -> 2 | D17: =IFERROR(C17/B17,0) -> 0.5 | E17: =COUNTIFS(B$4:B$13,A17,F$4:F$13,"Yes") -> 2 | F17: =IFERROR(E17/B17,0) -> 0.5
A18: 8woh-k3u-23b | B18: =COUNTIF(ticket!D$2:D$11,A18) -> 3 | C18: =COUNTIFS(B$4:B$13,A18,E$4:E$13,"Yes") -> 2 | D18: =IFERROR(C18/B18,0) -> 0.66666667 | E18: =COUNTIFS(B$4:B$13,A18,F$4:F$13,"Yes") -> 1 | F18: =IFERROR(E18/B18,0) -> 0.33333333
A19: 9jkl-mno-44z | B19: =COUNTIF(ticket!D$2:D$11,A19) -> 3 | C19: =COUNTIFS(B$4:B$13,A19,E$4:E$13,"Yes") -> 1 | D19: =IFERROR(C19/B19,0) -> 0.33333333 | E19: =COUNTIFS(B$4:B$13,A19,F$4:F$13,"Yes") -> 1 | F19: =IFERROR(E19/B19,0) -> 0.33333333
A22: Legend | B22: Blue text = hardcoded input | Green text = formula / cross-sheet reference | Green background = formula cell
